firm_id,liquidity_score,liquidity_reason,liquidity_status,solvency_score,solvency_reason,solvency_status,profitability_score,profitability_reason,profitability_status,activity_score,activity_reason,activity_status,coverage_score,coverage_reason,coverage_status,cashflow_score,cashflow_reason,cashflow_status,structure_score,structure_reason,structure_status,final_score,kategori,rekomendasi,reasoning,liquidity_analysis,solvency_analysis,profitability_analysis,activity_analysis,coverage_analysis,cashflow_analysis,structure_analysis,genai_recommendation
F000002,100.0,"CR=7.21 (≥2.0), QR=6.75 (≥1.0), trend=0.807 (+ve), std=3.69 (volatile) → Liquidity: Strong",Strong,100.0,"DER=0.22 (<1.0), DAR=0.18 (<0.6), trend=-0.044 (stable), std=0.10 (stable) → Solvency: Strong",Strong,45.0,"ROA=3.5% (<5%), ROE=4.3% (<10%), NPM=3.6%, trend=0.15% (stable), std=10.2% (volatile) → Profitability: Weak",Weak,100.0,"DIO=16d (<90d), DOR=22d (<60d), DOP=36d, trend=-5.2d (faster turnover), std=14d (stable) → Activity: Strong",Strong,100.0,"ICR=5.65x (>5x), DSCR=4.52x (>1.5x), trend=1.06x (+ve), std=5.72 (volatile) → Coverage: Strong",Strong,51.67,"OCF/CL=0.16x (<0.5x), FCF=-107 (-ve), CQ=0.54 (0-1.0), trend=104 (+ve), std=542 (volatile) → Cashflow: Weak",Weak,100.0,"FFB=86 (+ve source), ETA=82.0% (≥40%), NMR_trend=0.33% (+ve) → Structure: Strong",Strong,81.75,Cukup Layak,Approved with monitoring,"Strengths: Liquidity (100), Solvency (100). Concerns: Cashflow (51), Profitability (45). Acceptable with close monitoring and possible additional safeguards. (Score: 81.75)","The company demonstrates a strong capacity to meet its short-term obligations, supported by a current ratio of 7.21 and a quick ratio of 6.75, both significantly exceeding benchmark thresholds. The upward trend in liquidity, indicated by a positive trend rate of 0.807, suggests improving short-term solvency; however, the high standard deviation of 3.69 indicates some volatility in liquidity metrics that should be monitored. Despite the overall strength, it is advisable to monitor the components of current assets and liabilities to understand the drivers of volatility and ensure sustained liquidity performance.
","This company exhibits a strong solvency profile based on a Debt-to-Equity ratio of 0.22 and a Debt-to-Assets ratio of 0.18, both significantly below standard benchmarks. The stable trend in Debt-to-Assets over time, with a low standard deviation, indicates consistent and prudent management of leverage. Given the low leverage and stable trends, refinancing risk appears minimal, suggesting a healthy capacity to meet its debt obligations.
","**Profitability Analysis:**

The company's profitability is weak, as indicated by a score of 45.0/100, driven by a low Return on Assets (ROA) of 3.5% and Return on Equity (ROE) of 4.3%, both below industry benchmarks. The Net Profit Margin (NPM) of 3.6% exhibits stability with a slight upward trend of 0.15%; however, its high standard deviation of 10.2% suggests volatile earnings power that could challenge margin sustainability. Low returns relative to the cost of capital may constrain debt service coverage and limit the ability to reinvest in growth opportunities.
","Here is my assessment of the company's working capital management and asset efficiency:

The company exhibits strong working capital management, driven by efficient inventory turnover (DIO of 16 days) and rapid receivables collection (DOR of 22 days). These metrics indicate effective management of inventory levels and credit policies, minimizing investment in current assets.

With a relatively short operating cycle (DIO + DOR = 38 days), the company experiences moderate working capital demands, which are further mitigated by the extended payment terms (DOP of 36 days). The consistent trend of faster payable turnover (DOP trend of -5.2 days) signals improving supplier relationship management and cash flow optimization.

The company's cash conversion cycle (CCC) of 2 days (16+22-36) demonstrates exceptional effectiveness in converting investments in inventory and receivables into cash. A low CCC suggests minimal capital is tied up in the working capital cycle, boosting liquidity and financial flexibility.

I would need additional data to assess potential seasonal or cyclical impacts, such as monthly sales trends or industry-specific indicators. However, the low standard deviation (std=14d) suggests stable operations and consistent cash flow patterns.
","The company exhibits strong debt service capacity, as evidenced by an Interest Coverage Ratio of 5.65x and a Debt Service Coverage Ratio of 4.52x, both comfortably exceeding benchmark thresholds. This indicates a significant buffer between earnings and mandatory debt payments, suggesting sufficient cash flow generation to meet obligations. While the trend of 1.06x shows positive momentum, the high standard deviation of 5.72 signals volatility in coverage ratios, necessitating further investigation to understand underlying drivers and potential risks despite the current low default risk based on these metrics.
","Here's a professional credit assessment of the company's cash flow generation and quality, based on the provided metrics:

The company's operating cash flow to current liabilities ratio of 0.16x signals a weakness in short-term liquidity and the ability to cover immediate obligations from operations. The Cash Quality Ratio of 0.54 suggests that just over half of the company's earnings are being converted into operating cash, indicating some earnings quality concerns. The positive trend of 104 in the Cash Quality ratio is encouraging but needs to be seen in the context of its high standard deviation of 542, which indicates considerable cash flow volatility.

With a negative free cash flow of -107, the company is not currently generating sufficient cash after capital expenditures to fund debt reduction or shareholder returns. This deficit in free cash flow constrains reinvestment capacity and may require reliance on external funding sources to support growth initiatives or other strategic priorities. Consequently, the company's funding flexibility is limited, necessitating careful management of liquidity and potential exploration of options to improve cash generation.
","Here's a professional credit assessment of the company's financial structure and sources/uses of funds based on the provided metrics:

The company exhibits a strong financial structure, evidenced by a Fund Flow Balance (FFB) of 86, indicating a positive source of funds primarily driven by internal cash generation. The high Equity-to-Assets (ETA) ratio of 82.0%, well above the 40% benchmark, suggests a substantial equity cushion that provides significant balance sheet resilience against potential asset write-downs or economic downturns. The positive Net Margin Ratio (NMR) trend of 0.33% further supports the sustainability of the capital structure as earnings retention contributes to ongoing equity growth, reducing reliance on external financing and minimizing vulnerability to market shocks and covenant breaches.
","Based on the credit analysis, the borrower presents an acceptable credit risk profile, warranting approval with careful monitoring. The borrower exhibits exceptional liquidity and solvency, providing a strong foundation for debt repayment. However, profitability and cash flow metrics are weak and require close scrutiny. We recommend approval, subject to enhanced cash flow monitoring and profitability improvement plans, along with consideration of a performance-based covenant tied to EBITDA margins.
"
